,base_date,user_id,bus_user_id,daily_rainfall,highest_temperature,lowest_temperature,season,average_time,average_speed,출근이용자,ev_resd_avg,ev_work_avg,ev_visit_avg,ev_resd_max,ev_work_max,ev_visit_max,mor_resd_avg,mor_work_avg,mor_visit_avg,mor_resd_max,mor_work_max,mor_visit_max,local_fore,holiday,user_count
0,20210101,39917.0,29500.0,0.0,6.400000095367432,2.900000095367432,4,51.15997539951385,41.835914757363064,1750.0,18467,1278,8889,58892,5041,26453,22615,898,5077,67297,3395,14408,15356,1,2319.0
1,20210102,46504.0,32923.0,0.0,8.300000190734863,-0.4000000059604645,4,51.15997539951385,41.835914757363064,2208.0,17462,1481,9651,57670,6169,30508,22352,918,5385,67289,3547,16273,9487,1,2929.0
2,20210103,40363.0,29609.0,0.0,5.599999904632568,-0.3000000119209289,4,51.15997539951385,41.835914757363064,1721.0,18196,1338,9184,59542,5277,29127,22386,859,5070,67060,3104,14852,12205,1,2636.0
3,20210104,56586.0,39357.0,0.0,9.100000381469728,0.6000000238418579,4,51.15997539951385,41.835914757363064,3462.0,16586,2303,10025,57837,10904,33780,21074,1401,5906,67703,7928,19725,11894,0,3768.0
4,20210105,54109.0,39455.0,0.5,7.900000095367432,1.7999999523162842,4,51.15997539951385,41.835914757363064,3167.0,16648,2288,10026,57420,11013,34467,21153,1422,5787,67823,7806,19015,11004,0,3755.0
5,20210106,55889.0,42330.0,0.0,5.0,1.5,4,45.258555133079845,41.64195183776933,3280.0,16713,2252,10021,57628,10902,34481,21196,1414,5819,67650,7753,19337,11209,0,3781.0
6,20210107,43988.0,32318.0,3.5,3.0999999046325684,-3.900000095367432,4,51.842430149447694,37.13872644574399,3839.0,19165,1839,7926,62324,9445,25572,21733,1398,5461,68183,7449,18468,2910,0,4292.0
7,20210108,42795.0,31638.0,5.0,-0.1000000014901161,-3.900000095367432,4,52.91322995710986,36.26129990102277,4095.0,19367,1695,7803,62365,8890,26792,22164,1327,5275,68432,6833,18451,504,0,4146.0
8,20210109,37639.0,28231.0,0.5,1.899999976158142,-2.700000047683716,4,52.04264607118872,36.89153794492948,2882.0,19337,1355,8183,61277,5766,27412,23007,960,4945,68224,3878,16334,11535,1,3501.0
9,20210110,35078.0,26199.0,0.0,4.099999904632568,-0.3000000119209289,4,48.18979057591623,39.904450261780106,2172.0,19101,1276,8520,61041,5190,28020,23142,814,4737,68356,2946,14024,12186,1,3065.0
10,20210111,47306.0,35708.0,8.5,4.199999809265137,0.3000000119209289,4,46.65271966527197,40.88381074991953,3612.0,16819,2273,10021,58023,11015,34990,21521,1356,5759,68389,7633,19797,12910,0,3984.0
11,20210112,51972.0,39994.0,1.0,5.599999904632568,2.0999999046325684,4,45.80115644073241,41.30934789592033,3797.0,16504,2245,10361,57175,10759,36297,21289,1371,5969,67674,7527,20188,13477,0,4380.0
12,20210113,59515.0,44504.0,0.0,12.300000190734863,3.799999952316284,4,44.767315671879985,42.43951484200447,3637.0,16068,2271,10632,56548,10959,36881,21073,1359,6055,67307,7726,20234,14323,0,4223.0
13,20210114,65212.0,46412.0,0.0,14.5,4.199999809265137,4,45.16445707070707,42.59375,3522.0,15929,2273,10707,55950,10688,36705,20838,1375,6216,66944,7611,20365,15498,0,4175.0
14,20210115,65870.0,47282.0,0.0,16.899999618530273,4.5,4,44.94854797979798,42.69633838383838,3478.0,15759,2199,11095,55283,10499,39080,20766,1361,6308,66442,7497,20967,17985,0,4152.0
15,20210116,58763.0,43425.0,0.0,8.100000381469727,2.0,4,44.02883396704689,43.22084917617237,2598.0,16443,1476,10617,55007,6342,35704,21488,963,5975,65766,3941,18929,16661,1,3215.0
16,20210117,43508.0,32100.0,1.0,4.0,0.3000000119209289,4,44.78801402613962,42.7475294867708,1961.0,17910,1289,9809,58561,5410,32923,22092,828,5552,65938,3072,16626,18051,1,2923.0
17,20210118,57344.0,43707.0,0.0,9.199999809265137,2.0999999046325684,4,44.63786008230453,42.82241215574549,3478.0,16224,2228,10837,56640,10364,38466,20934,1319,6394,66987,7408,21810,16188,0,4096.0
18,20210119,73064.0,49391.0,0.0,5.699999809265137,-1.5,4,44.155259822560204,42.98035487959442,3611.0,15805,2248,11112,55578,10383,39167,20784,1342,6476,66788,7292,22103,15828,0,4276.0
19,20210120,71002.0,51543.0,0.0,13.899999618530272,-1.7000000476837158,4,44.389589905362776,42.873501577287065,3629.0,15683,2221,11203,55120,10412,39509,20627,1341,6561,66339,7389,21915,16073,0,4333.0
20,20210121,67116.0,46801.0,1.0,17.700000762939453,3.400000095367432,4,44.57562361856647,42.856330912535526,3607.0,15868,2219,11112,55442,10250,39270,20690,1338,6595,66410,7355,22428,16638,0,4088.0
21,20210122,67571.0,47299.0,10.0,15.5,10.300000190734863,4,45.012666244458515,42.37682077264091,3374.0,15872,2168,11409,54925,10234,40296,20818,1338,6661,66721,7254,22710,19957,0,4060.0
22,20210123,46243.0,35075.0,37.5,13.600000381469728,9.899999618530272,4,44.611515343245806,42.685226194242325,2404.0,17106,1425,10412,55714,6237,36592,21888,929,6074,66049,3598,19754,18664,1,2673.0
23,20210124,62128.0,39417.0,3.0,13.5,9.0,4,43.70187718740057,43.573973910276806,2024.0,16901,1293,10611,56513,5395,34592,21855,794,5918,65626,2930,18083,20173,1,3256.0
24,20210125,73172.0,52247.0,0.0,15.0,10.300000190734863,4,44.58676377454085,42.93033565547815,3736.0,15705,2226,11371,55285,10373,39512,20493,1327,6821,65782,7245,23524,18466,0,4386.0
25,20210126,69455.0,50400.0,18.5,12.399999618530272,7.900000095367432,4,44.1784126984127,42.59904761904762,3384.0,16143,2236,11135,55764,10324,39690,20803,1349,6765,66601,7424,23904,17935,0,4058.0
26,20210127,74973.0,52660.0,0.0,9.5,2.0,4,44.536902122267975,42.7396262274311,3812.0,15393,2217,11721,54433,10262,39678,20384,1341,7004,65705,7358,24235,18722,0,4660.0
27,20210128,62727.0,47609.0,0.0,9.399999618530272,-1.0,4,44.79202279202279,42.687875910098136,3699.0,15945,2217,11316,55656,10452,40284,20346,1362,7056,65402,7662,24485,16890,0,3920.0
28,20210129,68604.0,47431.0,1.0,4.400000095367432,-1.100000023841858,4,45.765768621236134,41.835182250396194,3867.0,15683,2168,11756,54527,10186,42912,20905,1302,6917,66489,6900,24914,23521,0,4249.0
29,20210130,61954.0,44060.0,0.0,10.699999809265137,-0.3000000119209289,4,44.29888712241653,43.06931637519873,2871.0,15751,1440,11501,52864,6023,38643,21103,940,6698,64817,3710,21120,22573,1,3787.0
30,20210131,62182.0,41694.0,0.0,14.399999618530272,4.599999904632568,4,43.862782553326966,43.37886023559376,2201.0,16595,1304,11029,55521,5239,36235,21176,823,6410,64268,3065,19003,20944,1,3257.0
31,20210201,58982.0,41935.0,34.0,14.5,8.800000190734863,4,44.990436722983745,42.489639783232384,3359.0,16762,2357,10510,58142,11386,39209,21801,1375,5940,69369,7852,21794,20230,0,4082.0
32,20210202,69688.0,46832.0,0.0,8.800000190734863,1.600000023841858,4,44.46893915259637,42.74641605606881,3733.0,16183,2380,10958,56722,11224,39303,21348,1393,6141,68691,7893,21424,19497,0,4349.0
33,20210203,75429.0,47628.0,0.0,7.699999809265137,0.6000000238418579,4,44.51190098381466,42.73278324341479,3757.0,15909,2327,11065,56398,11265,40073,21162,1388,6277,67968,7649,20772,19762,0,4615.0
34,20210204,67315.0,44660.0,2.5,8.899999618530273,-1.7999999523162842,4,44.968611287254284,42.69752694990488,3710.0,15848,2357,11180,55811,11223,40753,21116,1380,6223,67951,7778,21482,21208,0,4509.0
35,20210205,64373.0,44572.0,0.5,9.5,-1.5,4,44.69762282091918,42.57210776545166,3772.0,15803,2281,11458,55893,11197,42768,21063,1368,6387,68053,7789,21342,25027,0,4461.0
36,20210206,62227.0,42640.0,0.0,13.899999618530272,4.0,4,44.43377693282636,42.88022813688213,2951.0,16047,1525,11211,55060,6601,39206,21704,951,6128,67216,3933,19370,23766,1,3728.0
37,20210207,57892.0,37650.0,0.0,13.899999618530272,5.5,4,43.5682610072854,43.54608805828318,2374.0,17032,1387,10690,57168,5880,35368,21933,835,5897,66572,3162,18441,22872,1,3475.0
38,20210208,70194.0,44632.0,0.0,5.400000095367432,1.0,4,44.72921312519911,42.89136667728576,3650.0,15878,2324,11498,56571,11164,41990,21071,1343,6557,67854,7616,22343,20832,0,4456.0
39,20210209,76955.0,48252.0,0.0,6.900000095367432,0.1000000014901161,4,44.89592616168046,42.696053469127946,3707.0,15597,2326,11844,55529,11006,43350,21059,1341,6600,67665,7518,22645,22179,0,4514.0
40,20210210,70656.0,49504.0,0.0,9.899999618530272,-0.2000000029802322,4,46.02813784381916,42.3259563705343,3713.0,15485,2126,12356,54443,10261,43912,21033,1329,6872,67322,7437,22713,31489,0,4670.0
41,20210211,61589.0,37839.0,0.0,12.199999809265137,3.700000047683716,4,44.119911644051754,43.56863363837173,2270.0,16040,1195,10819,52572,4917,32670,21902,852,6504,66295,3124,19216,36326,1,2824.0
42,20210212,44453.0,29915.0,0.0,14.800000190734863,7.900000095367432,4,44.22313527180784,43.33786346396966,1505.0,15108,924,11413,50023,3857,33746,20104,682,6865,62373,2612,21694,28136,1,2498.0
43,20210213,62643.0,35191.0,0.0,17.0,6.900000095367432,4,43.401963889768766,43.58980044345898,2006.0,15958,1229,11761,53204,5191,40172,21242,748,6710,63138,2768,20138,25135,1,3386.0
44,20210214,51174.0,33651.0,7.5,16.799999237060547,7.0,4,44.302510327295835,43.19319987289482,2128.0,17435,1303,11090,57379,5490,40816,21667,787,6679,64963,2974,20944,32046,1,3102.0
45,20210215,59627.0,42608.0,0.0,11.100000381469728,2.200000047683716,4,44.99810606060606,42.57512626262626,3723.0,15952,2261,11686,56306,10942,43120,20996,1324,7047,67034,7521,25374,29696,0,4357.0
46,20210216,64223.0,43873.0,0.0,8.300000190734863,0.6000000238418579,4,44.88209050350542,42.523900573613766,3808.0,15619,2279,11920,55559,11117,44472,20703,1362,7130,67026,7681,25187,26002,0,4473.0
47,20210217,56730.0,39620.0,1.0,2.700000047683716,-2.0999999046325684,4,50.471451355661884,39.60606060606061,3619.0,16376,2163,11378,56764,10743,41329,20853,1337,7068,67009,7436,24785,23260,0,4850.0
48,20210218,58312.0,37384.0,1.5,2.799999952316284,-2.0999999046325684,4,47.704,40.45088,4499.0,16452,2175,11227,56194,10585,42284,21250,1341,6807,67037,7141,24771,27783,0,4569.0
49,20210219,69548.0,46878.0,0.0,11.399999618530272,0.800000011920929,4,45.681427206116595,42.14941064033132,3821.0,14969,2186,12347,53240,10580,45983,20545,1311,7199,66247,7277,25569,32132,0,4886.0
50,20210220,68746.0,45962.0,0.0,16.799999237060547,10.199999809265137,4,44.94297546989487,42.589359668684295,3025.0,15354,1485,11979,52186,6584,43644,20865,946,7014,64954,4016,23701,31400,1,4092.0
51,20210221,69706.0,41034.0,0.0,21.5,14.800000190734863,4,43.91167091836735,43.103635204081634,2456.0,16146,1314,11437,55059,5579,39433,21083,821,6680,64225,3136,21614,32806,1,3681.0
52,20210222,76799.0,50746.0,0.0,22.299999237060547,3.5,4,45.60337687161516,42.25453966231284,3794.0,15191,2212,12286,54183,10480,44290,20217,1300,7455,65359,7326,26222,30194,0,4663.0
53,20210223,75109.0,51231.0,0.0,9.300000190734863,0.4000000059604645,4,45.33918315252074,42.361837906828335,3911.0,15152,2252,12242,53850,10571,44718,20233,1336,7549,65567,7465,26648,28443,0,4763.0
54,20210224,80296.0,55916.0,0.0,13.399999618530272,0.6000000238418579,4,44.825892857142854,42.33354591836735,3867.0,14970,2208,12315,53305,10407,44819,20072,1296,7564,64850,7128,26693,28636,0,4799.0
55,20210225,70914.0,48730.0,16.5,15.0,3.700000047683716,4,45.676236044657095,42.0481658692185,3812.0,15431,2202,12202,54183,10375,45062,20107,1317,7617,64497,7335,27071,29029,0,4375.0
56,20210226,66223.0,47282.0,6.5,12.399999618530272,8.699999809265137,4,45.133843212237096,42.32568514977693,3656.0,15274,2159,12275,53260,10447,45432,20583,1295,7366,65530,7145,26058,33634,0,4489.0
57,20210227,67881.0,44293.0,0.0,12.300000190734863,10.100000381469728,4,45.0997132844855,42.483593501115,2865.0,15476,1427,12261,51813,6207,43988,20763,922,7281,64331,3711,23690,36130,1,3874.0
58,20210228,60431.0,40790.0,0.0,17.399999618530273,10.5,4,44.943612615482635,42.51035361580121,2389.0,15656,1282,11783,52696,5310,40281,20653,820,7050,62921,2967,22845,26432,1,3592.0
59,20210301,49418.0,32560.0,22.5,21.100000381469727,6.699999809265137,1,45.85851165761738,41.90993292877675,2349.0,17496,1579,10480,57887,6509,40195,21714,947,6030,66114,3469,20200,22317,1,3116.0
60,20210302,75178.0,50112.0,0.0,8.399999618530273,4.0,1,45.70239234449761,42.35821371610845,4792.0,15141,2509,11578,54408,11637,42991,19533,1432,7588,66665,8218,35342,22914,0,4928.0
61,20210303,78791.0,54587.0,0.0,12.600000381469728,1.7999999523162842,1,45.19240587109126,42.47351627313338,5038.0,14984,2447,11374,53731,11401,41309,19334,1446,7522,66167,8332,33218,21029,0,4974.0
62,20210304,62845.0,45501.0,32.0,11.600000381469728,5.599999904632568,1,45.980536056158265,41.901723037651564,4702.0,15513,2409,11129,54711,11595,40677,19378,1444,7446,65964,8223,32536,22117,0,4221.0
63,20210305,77289.0,51882.0,0.0,12.800000190734863,8.699999809265137,1,45.170918367346935,42.56377551020408,4532.0,14685,2387,11793,52891,11281,43599,19450,1444,7348,66030,8152,31130,27696,0,5099.0
64,20210306,63754.0,43955.0,0.0,14.300000190734863,4.900000095367432,1,44.607711918419376,42.94231994901211,3144.0,15670,1578,11081,53098,6932,39869,20944,1008,6325,65466,4148,21046,26606,1,4027.0
65,20210307,60811.0,37518.0,0.0,11.399999618530272,5.800000190734863,1,43.73956008925725,43.32036978004463,2392.0,16556,1424,10741,55339,5845,37547,21288,862,5992,64798,3271,19969,26302,1,3627.0
66,20210308,72109.0,52637.0,0.0,12.600000381469728,6.800000190734863,1,45.08548644338118,42.648803827751195,4819.0,14703,2381,11724,53371,11270,40902,17925,1456,8970,62804,8290,35017,26303,0,4972.0
67,20210309,72330.0,50915.0,0.0,13.0,3.0999999046325684,1,45.013698630136986,42.47148773494744,4811.0,14784,2389,11583,53036,11131,41726,19226,1416,7568,65136,8148,32099,23294,0,4936.0
68,20210310,74314.0,50174.0,0.0,15.899999618530272,2.900000095367432,1,45.233068362480125,42.51987281399046,4722.0,14731,2340,11733,52658,10970,42455,19190,1406,7489,65057,8125,32070,23650,0,5014.0
69,20210311,69856.0,47795.0,8.5,18.100000381469727,5.699999809265137,1,45.428888184985745,42.16059550205892,4658.0,14744,2369,11883,53029,11108,42869,19013,1424,7791,65095,8173,34222,27020,0,4673.0
70,20210312,65912.0,47004.0,15.5,12.800000190734863,9.399999618530272,1,45.95075757575758,41.82891414141414,4370.0,15025,2273,11893,52561,10954,43141,19528,1378,7658,65635,7727,32433,32281,0,4954.0
71,20210313,68715.0,45133.0,0.0,13.5,5.199999809265137,1,44.89582013932869,42.54243191893604,3198.0,15088,1561,11453,51476,6566,39051,20696,993,6749,64103,3961,22243,30870,1,4165.0
72,20210314,64166.0,42192.0,0.0,14.300000190734863,3.799999952316284,1,44.38546954314721,43.04092639593909,2571.0,15974,1379,11075,54117,5719,38055,20816,840,6420,63518,3099,20847,29686,1,3885.0
73,20210315,77227.0,54105.0,0.0,19.100000381469727,3.799999952316284,1,45.48040455120101,42.41055625790139,4685.0,14602,2337,12125,52542,10969,42139,18902,1392,8127,64685,8026,34381,27566,0,4852.0
74,20210316,76360.0,54234.0,7.5,17.600000381469727,3.0999999046325684,1,45.88320707070707,41.96590909090909,4556.0,14639,2354,12065,52283,11070,42958,19110,1412,8014,64262,8042,34623,24881,0,5133.0
75,20210317,87003.0,58545.0,0.0,15.600000381469728,0.699999988079071,1,45.82581255916693,42.236352161565165,4713.0,14419,2309,12258,51874,10825,42538,18735,1412,8178,63900,8165,34440,24842,0,4946.0
76,20210318,82446.0,56811.0,0.0,17.0,6.199999809265137,1,45.77900378310214,42.148802017654475,4685.0,14399,2339,12218,51494,10866,43999,18788,1424,8106,64101,8111,34316,29350,0,4939.0
77,20210319,85521.0,58830.0,5.5,17.0,12.399999618530272,1,46.26332387259539,41.833806370230214,4451.0,14491,2295,12389,51491,10939,45885,18858,1400,8029,64089,7980,33236,34675,0,4960.0
78,20210320,61692.0,45768.0,6.5,15.899999618530272,8.699999809265137,1,46.07133838383838,41.84627525252525,2852.0,15693,1561,11579,52246,6857,42630,20937,985,6805,64021,3940,23790,32691,1,3725.0
79,20210321,64790.0,41679.0,0.0,11.199999809265137,6.199999809265137,1,44.582334384858044,42.887381703470034,2508.0,16212,1368,11425,54630,5651,40414,20863,846,6670,63361,3127,21558,33870,1,3675.0
80,20210322,80697.0,55609.0,0.0,11.399999618530272,5.300000190734863,1,46.391098484848484,41.96748737373738,4670.0,14329,2329,12586,52322,10875,44201,18768,1388,8457,64147,8122,35610,32011,0,4766.0
81,20210323,89871.0,62790.0,0.0,15.0,4.5,1,46.27987321711569,42.00697305863709,4707.0,14143,2326,12609,51750,10751,44631,18528,1421,8500,63863,8131,36534,30517,0,5077.0
82,20210324,96371.0,62969.0,0.0,18.100000381469727,4.0,1,46.31613924050633,41.91012658227848,4439.0,14190,2290,12615,51043,10538,44697,18468,1405,8547,63551,7830,36210,31069,0,4865.0
83,20210325,93360.0,64638.0,0.0,17.100000381469727,5.5,1,46.49132765689057,41.88994008199306,3781.0,14055,2307,12808,50928,10948,45796,18386,1412,8740,63367,7900,36671,35620,0,4130.0
84,20210326,95650.0,68146.0,0.0,19.399999618530277,3.5999999046325684,1,46.36372239747634,41.78927444794952,1288.0,13882,2251,13015,50191,10739,46370,18372,1398,8722,63179,7787,35986,35815,0,1658.0
85,20210327,75423.0,51542.0,22.5,20.799999237060547,8.100000381469727,1,46.61506935687264,41.47225725094577,3357.0,15634,1496,12153,52115,6573,43813,20077,999,7567,62711,4086,25562,33683,1,3670.0
86,20210328,80395.0,49199.0,0.0,15.800000190734863,11.699999809265137,1,44.866077068856605,42.875552747946934,2493.0,15777,1367,11732,53078,5610,40656,20743,855,6973,63075,3169,22764,31827,1,3823.0
87,20210329,86746.0,60720.0,0.0,16.399999618530273,7.900000095367432,1,45.310661183169884,42.349572919962036,4669.0,14291,2294,12520,51698,10885,43192,18471,1397,8632,63574,8148,35834,29532,0,4793.0
88,20210330,92698.0,65577.0,0.0,19.899999618530277,6.900000095367432,1,45.541165294490185,42.170994300189996,4703.0,14101,2327,12630,50982,10892,44057,18353,1438,8622,62917,8223,35804,26322,0,5003.0
89,20210331,92737.0,63906.0,0.0,21.200000762939453,7.0,1,45.702711223203025,42.246532156368225,4656.0,14140,2280,12631,50708,10615,44274,18300,1427,8522,62572,8145,35599,28383,0,4907.0
90,20210401,80139.0,57176.0,7.5,17.399999618530273,13.100000381469728,1,46.20461733080329,41.758380771663504,4707.0,15207,2963,11083,54442,15206,41108,19350,1954,6958,66650,13348,24973,35512,0,4580.0
91,20210402,89960.0,61852.0,1.0,21.0,13.899999618530272,1,45.90135946885868,42.00063231109706,4688.0,14707,2848,11738,52670,14377,43082,19517,1856,7061,66505,12054,25214,34421,0,5192.0
92,20210403,74262.0,52975.0,0.0,23.0,12.199999809265137,1,45.91428571428571,41.84,3039.0,15876,1736,11381,53179,7743,41950,21234,1057,6501,65854,4763,21954,32029,1,4130.0
93,20210404,112994.0,76402.0,7.0,12.399999618530272,9.800000190734863,1,45.528907242693776,42.04637865311309,2295.0,17116,1492,10580,57028,6432,39273,21355,845,6104,65207,3237,20040,33789,1,3265.0
94,20210405,83290.0,56883.0,4.5,14.699999809265137,7.699999809265137,1,45.79571248423707,41.95113493064313,3723.0,14731,2947,11404,53617,15867,41112,19260,1901,7382,66626,14018,28580,34488,0,3769.0
95,20210406,87727.0,60413.0,0.0,15.699999809265137,5.900000095367432,1,46.082256539552475,41.920579892845886,1062.0,14652,2988,11481,53531,16317,40625,18928,1923,7446,65896,14409,28159,32492,0,1306.0
96,20210407,92448.0,60247.0,0.0,16.899999618530273,5.300000190734863,1,45.71973518284994,41.97919293820933,4737.0,14649,2910,11628,53282,15417,41722,18929,1918,7532,65619,14187,27937,34440,0,5121.0
97,20210408,80139.0,57176.0,0.0,17.299999237060547,4.699999809265137,1,46.100850929719506,41.89977938859124,4540.0,14622,2899,11697,52747,15334,43559,18931,1875,7592,65427,13728,28165,39456,0,4960.0
98,20210409,96386.0,65888.0,0.0,17.0,4.199999809265137,1,46.546027742749054,41.690416141235815,3495.0,14455,2731,11978,52362,13557,44665,18893,1874,7694,65614,13461,27934,39912,0,3809.0
99,20210410,86587.0,57912.0,0.0,17.899999618530273,10.600000381469728,1,45.753627760252364,41.94258675078864,134.0,15144,1686,11709,51901,7596,42873,20160,1043,7043,63896,4898,24162,37393,1,222.0
100,20210411,84024.0,52076.0,0.0,21.899999618530277,7.800000190734863,1,44.84321766561514,42.69305993690852,562.0,16191,1480,11101,55120,6269,40319,20450,830,6808,63609,3163,22743,34019,1,1071.0
101,20210412,76266.0,56262.0,8.5,19.799999237060547,12.199999809265137,1,46.96437578814628,41.26040353089533,4602.0,15331,2961,11560,54960,16471,44408,19506,1924,7632,66837,14277,29463,29491,0,4401.0
102,20210413,94907.0,65667.0,0.0,13.199999809265137,7.199999809265137,1,46.21613006056742,41.76601848900223,4601.0,14849,2986,11483,54260,16346,41349,19140,1947,7494,65807,14590,27945,32369,0,4956.0
103,20210414,104858.0,74455.0,0.0,12.800000190734863,5.0,1,46.332695374800636,41.868261562998406,4678.0,14666,2833,11691,53531,16175,42182,18890,1943,7521,65424,14312,26686,34920,0,5256.0
104,20210415,94358.0,65231.0,0.0,15.899999618530272,5.099999904632568,1,46.47306343640421,41.73987886515779,4795.0,14502,2949,11868,53023,16354,43650,18852,1944,7648,65222,14452,27903,39847,0,4947.0
105,20210416,98027.0,68192.0,0.0,18.600000381469727,7.800000190734863,1,46.781847133757964,41.580573248407646,4770.0,14415,2792,12158,51684,14637,45021,18851,1931,7806,65194,13964,28103,40053,0,5208.0
106,20210417,87687.0,60327.0,0.0,16.700000762939453,9.600000381469728,1,45.998726114649685,41.99617834394905,3446.0,15234,1689,11984,52150,7575,43035,20116,1045,7430,63790,4550,26350,38096,1,4265.0
107,20210418,75744.0,49921.0,0.0,15.0,6.099999904632568,1,45.47111394829237,42.40057452920524,2628.0,16252,1483,11371,55006,6386,40867,20560,844,6977,63341,3155,23842,36582,1,3757.0
108,20210419,91783.0,62866.0,0.0,17.399999618530273,3.5,1,46.43867473717744,41.72507167887862,4674.0,14637,2851,11848,53526,15558,42399,18850,1863,8098,65292,13717,31613,35780,0,5042.0
109,20210420,102025.0,68552.0,0.0,19.0,3.400000095367432,1,46.626594387755105,41.687181122448976,4841.0,14549,2846,11823,52989,15597,41940,18680,1903,8013,64814,14156,30364,32044,0,5056.0
110,20210421,100466.0,71380.0,0.0,15.3,7.6,1,46.46305732484076,41.664649681528665,4684.0,14562,2769,11754,52776,14877,42357,18637,1894,7889,64742,14242,29037,32695,0,4793.0
111,20210422,103148.0,71418.0,0.0,27.399999618530277,13.600000381469728,1,45.888222292390275,42.084306915061575,3716.0,14520,2802,12071,52556,15198,44306,18626,1880,8016,64481,13963,29471,38685,0,3712.0
112,20210423,102759.0,71959.0,0.0,27.600000381469727,16.0,1,46.588740458015266,41.655852417302796,1303.0,14526,2661,12264,51572,13405,45186,18867,1850,8005,65094,13441,29738,39384,0,1398.0
113,20210424,94399.0,64805.0,0.0,22.299999237060547,14.100000381469728,1,46.257252151737326,41.80363404526618,3166.0,15137,1624,11875,51583,7161,43142,20226,1019,7398,63337,4462,24713,38125,1,4206.0
114,20210425,83969.0,53189.0,0.0,22.399999618530277,10.300000190734863,1,45.379706445437144,42.3107849393746,2768.0,16022,1439,11455,54488,6089,40089,20351,850,7263,63148,3176,24304,37387,1,3868.0
115,20210426,100165.0,68986.0,0.0,21.5,9.0,1,46.127910685805425,41.69505582137161,4949.0,14640,2837,11880,53145,14951,43569,18741,1927,8193,65087,14342,30786,35271,0,4991.0
116,20210427,104169.0,68854.0,1.0,20.799999237060547,8.600000381469727,1,46.55513065646909,41.564372211599746,4843.0,14749,2714,11878,53853,14765,43414,18676,1923,8122,64757,14351,30005,30831,0,4893.0
117,20210428,104355.0,70873.0,1.5,20.600000381469727,14.0,1,46.20955414012739,41.884394904458595,4897.0,14660,2650,11898,52584,14416,43107,18558,1926,8192,64592,14330,29674,31916,0,5259.0
118,20210429,103083.0,71261.0,0.5,23.299999237060547,13.100000381469728,1,46.43885350318471,41.69458598726115,4873.0,14494,2717,12067,52325,14359,44253,18570,1926,8036,64307,14405,28888,37655,0,5165.0
119,20210430,103871.0,72174.0,15.0,19.600000381469727,9.899999618530272,1,49.114800759013285,39.71663504111322,4784.0,14281,2576,12430,51257,12904,46562,18426,1937,8333,63428,14138,29311,41349,0,5366.0
120,20210501,83284.0,53376.0,14.5,15.100000381469728,9.300000190734863,1,45.68517350157729,42.15394321766561,2886.0,15676,1694,11276,52752,7240,40240,21239,1041,6594,65717,4121,21774,44095,1,4299.0
121,20210502,80449.0,51066.0,0.0,15.199999809265137,7.199999809265137,1,44.95526649746193,42.82296954314721,2690.0,16401,1536,11046,55467,6317,39381,20970,891,6658,64307,3343,22558,38006,1,3962.0
122,20210503,99794.0,63904.0,0.0,18.200000762939453,5.0,1,45.983901515151516,42.213699494949495,4803.0,14950,2944,11272,54380,15018,40072,19103,2011,7615,66664,14900,28131,30410,0,5063.0
123,20210504,82754.0,57548.0,25.5,21.299999237060547,11.600000381469728,1,47.01704545454545,41.39614898989899,4648.0,15543,2802,11263,55495,15036,41299,19197,2011,7459,66601,15316,27580,23836,0,4406.0
124,20210505,85678.0,55090.0,0.0,20.899999618530277,9.0,1,44.90473186119874,42.301577287066245,2967.0,15351,1598,11375,53029,6584,40369,21363,989,6654,66241,3953,22204,45594,1,4343.0
125,20210506,91424.0,59497.0,0.0,22.0,6.900000095367432,1,45.5673714105396,42.19154307352477,4414.0,14800,2843,11451,53107,15430,40772,19292,1818,7559,65693,12864,27119,36932,0,5205.0
126,20210507,98942.0,65124.0,0.0,25.899999618530277,9.399999618530272,1,46.23857548061771,42.038764576110935,4462.0,14572,2672,11909,52012,12995,42058,19325,1761,7541,65024,11213,25981,34167,0,5395.0
127,20210508,86531.0,56022.0,0.0,25.399999618530277,6.900000095367432,1,45.280983916745505,42.278776411226744,3206.0,14463,1602,11623,48419,7064,40749,20375,1069,7156,63728,4775,24151,32119,1,4121.0
128,20210509,84272.0,50045.0,0.0,24.200000762939453,12.300000190734863,1,44.67225561531161,42.88516292312559,2679.0,16083,1490,10995,54297,6147,39411,20551,863,6825,62976,3278,22718,38159,1,4084.0
129,20210510,98733.0,62044.0,0.0,24.200000762939453,11.699999809265137,1,45.976971608832805,42.08170347003155,4771.0,15062,2858,11232,54235,14994,39906,19253,1880,7572,65735,14116,27831,36786,0,5207.0
130,20210511,87577.0,58122.0,0.5,20.700000762939453,15.600000381469728,1,46.52490542244641,41.580390920554855,4486.0,15591,2812,10955,55540,14394,38852,19272,1895,7416,66111,12965,27573,32691,0,4244.0
131,20210512,94861.0,61752.0,0.0,21.0,15.600000381469728,1,46.01166456494325,41.935056746532155,4315.0,15236,2822,11216,54221,14549,38902,19439,1885,7298,66238,13231,26901,33073,0,4634.0
132,20210513,93295.0,56456.0,0.0,25.0,17.0,1,45.90633869441817,42.01860611794387,2916.0,15543,2594,10989,54565,12622,40225,19927,1582,7065,65565,9020,24141,39004,0,3832.0
133,20210514,87684.0,55404.0,0.0,24.600000381469727,17.299999237060547,1,46.3033743298644,41.83033743298644,1079.0,15476,2475,11098,53756,12054,40252,19880,1581,7125,65256,9114,24367,38984,0,1366.0
134,20210515,86974.0,53476.0,7.0,28.899999618530277,19.100000381469727,1,45.75370545569221,42.049195837275306,3163.0,15719,1648,11240,52815,7189,39220,20983,1036,6861,65210,4392,22928,39185,1,4289.0
135,20210516,61333.0,40026.0,33.0,27.600000381469727,16.700000762939453,1,45.58346531517263,42.01393728222997,2108.0,17403,1431,10452,56516,5741,38252,21333,872,6598,64644,3292,21788,34552,1,3120.0
136,20210517,85385.0,52350.0,3.5,17.600000381469727,14.100000381469728,1,46.11822194199243,41.824085750315255,3064.0,15679,2578,10788,54773,12443,36696,20195,1537,7037,65962,8943,24411,32008,0,3730.0
137,20210518,88534.0,56346.0,0.0,21.700000762939453,13.100000381469728,1,45.92150063051702,41.997477931904164,1357.0,15202,2545,11181,53651,12350,40199,19815,1554,7074,65000,9124,24444,35851,0,1967.0
138,20210519,88167.0,54069.0,0.0,22.0,13.0,1,45.48959646910467,42.081336696090794,3080.0,15912,1594,10894,54124,6792,36816,20398,980,6989,63748,3798,22681,40100,1,4124.0
139,20210520,76211.0,47919.0,23.5,22.200000762939453,15.0,1,46.19740588421386,41.70262575134451,3827.0,15844,2562,10922,55075,12581,38356,20442,1522,6935,66273,9076,25353,34532,0,5269.0
140,20210521,91850.0,58075.0,0.0,20.5,14.800000190734863,1,45.97445600756859,42.0964995269631,3724.0,14966,2510,11560,52463,11968,41126,19829,1558,7239,65037,8877,25095,37634,0,5092.0
141,20210522,92033.0,58748.0,0.0,22.5,14.399999618530272,1,45.66393442622951,42.30296343001261,3402.0,15032,1600,11698,51037,7023,41634,20159,1015,7421,63108,4311,24957,37341,1,4573.0
142,20210523,88466.0,50886.0,0.0,24.100000381469727,12.0,1,44.270031545741325,43.00820189274448,2555.0,16092,1461,11089,54177,6278,38146,20427,864,7059,62982,3231,23203,37866,1,3909.0
143,20210524,94226.0,63471.0,3.5,22.0,14.5,1,45.45981720768988,42.22313268200441,4967.0,14746,2942,11316,53506,16270,39694,18932,1977,7866,65692,15360,29707,36801,0,5262.0
144,20210525,104122.0,68668.0,0.0,24.0,10.300000190734863,1,45.27080706179067,42.305485498108446,5014.0,14747,2845,11497,53450,16099,41029,18737,1971,7784,64963,14596,28491,32677,0,5392.0
145,20210526,96797.0,64055.0,16.0,24.399999618530277,13.0,1,46.181216514339745,41.749133312322726,4866.0,14887,2870,11578,54171,15519,41448,18796,1942,7775,65123,15188,27902,33392,0,4700.0
146,20210527,106804.0,68503.0,2.5,22.399999618530277,13.199999809265137,1,51.15997539951385,41.835914757363064,4470.0,14593,2934,11682,52667,16018,40972,18617,1963,8118,63752,14972,29131,39518,0,5057.0
147,20210528,91850.0,58075.0,0.0,27.200000762939453,12.399999618530272,1,51.15997539951385,41.835914757363064,4597.0,14578,2754,11873,52324,14856,42117,17791,1963,8829,63543,14704,30107,40827,0,4940.0
148,20210529,92033.0,58748.0,0.0,22.700000762939453,12.0,1,51.15997539951385,41.835914757363064,3296.0,15039,1637,11514,50985,7416,38483,20152,1062,7282,63360,4725,24224,38846,1,4260.0
149,20210530,88466.0,50886.0,0.0,26.299999237060547,11.5,1,44.18416903185115,42.927783033743296,2522.0,16194,1442,10994,54482,6086,37632,20292,832,7186,62610,3079,23126,34700,1,3791.0
150,20210531,94226.0,63471.0,0.0,26.200000762939453,14.0,1,51.15997539951385,41.835914757363064,4845.0,14651,2929,11446,53025,15560,39643,18570,1942,8143,64135,14001,29219,32119,0,5025.0
151,20210601,109736.0,76147.0,0.0,25.799999237060547,14.600000381469728,2,45.09208451592558,42.30715862503942,4904.0,15122,2607,11187,54376,12488,39206,19263,1673,7529,66364,10278,29616,32485,0,4957.0
152,20210602,110275.0,72970.0,0.0,26.100000381469727,19.299999237060547,2,45.32228535353536,42.21527777777778,4781.0,15126,2525,11363,53618,12282,40115,19296,1656,7508,66511,10400,29211,31734,0,5041.0
153,20210603,103687.0,66694.0,2.5,30.299999237060547,18.200000762939453,2,45.178030303030305,42.187184343434346,4565.0,15270,2523,11395,54549,12482,41901,19590,1642,7411,67147,10350,29504,37945,0,5027.0
154,20210604,107134.0,68979.0,4.0,22.299999237060547,15.100000381469728,2,45.548784338490684,42.06662456583518,4519.0,14838,2476,11582,53070,11900,41991,19442,1613,7495,66637,9763,29322,40817,0,5133.0
155,20210605,99307.0,62973.0,0.0,27.899999618530277,16.899999618530273,2,44.79152167035748,42.40714963619108,3363.0,15458,1591,11189,52271,6653,39499,20467,1013,6910,64647,4108,23442,39612,1,4224.0
156,20210606,91688.0,53440.0,0.0,27.0,15.100000381469728,2,44.11135716545397,42.8810503005378,2601.0,16439,1389,10660,55056,5824,37904,20593,835,6550,63683,3067,21521,37410,1,3796.0
157,20210607,99776.0,64244.0,0.0,25.799999237060547,13.5,2,45.50633312222926,42.1393286890437,4868.0,14918,2532,11654,54021,12069,41260,19035,1625,8015,65931,10319,31584,34829,0,5071.0
158,20210608,102825.0,64971.0,0.0,28.700000762939453,15.800000190734863,2,45.78023365961478,41.99905273129144,4893.0,14965,2553,11458,53678,12262,39939,20101,1426,7088,66929,9276,29414,30221,0,5159.0
159,20210609,95042.0,65167.0,0.0,30.0,20.100000381469727,2,45.48470514033428,42.05676442762535,4793.0,14962,2507,11414,53519,12223,40760,19027,1647,7699,65556,10385,29678,30577,0,5084.0
160,20210610,91757.0,64381.0,0.5,27.5,20.299999237060547,2,45.85867507886435,41.654889589905366,4642.0,15173,2491,11537,54563,12172,42608,19012,1650,7704,65115,10149,30252,36227,0,4547.0
161,20210611,86351.0,62352.0,103.0,24.799999237060547,18.100000381469727,2,46.14867424242424,41.39709595959596,3678.0,15298,2357,11477,53773,11434,40836,19790,1573,7294,66829,9799,29538,39978,0,4846.0
162,20210612,86782.0,57669.0,0.5,25.799999237060547,19.600000381469727,2,51.15997539951385,41.835914757363064,3373.0,15248,1568,11322,51314,6701,39592,20764,1015,6769,64905,4143,22139,39551,1,4214.0
163,20210613,91688.0,53440.0,0.0,22.799999237060547,17.899999618530273,2,51.15997539951385,41.835914757363064,2606.0,16313,1381,10856,54717,5548,38671,20656,835,6629,63461,3082,20738,37584,1,3832.0
164,20210614,99776.0,64244.0,0.0,23.299999237060547,16.899999618530273,2,45.7432986439609,42.05045726900032,4715.0,14851,2485,11681,53874,12090,41868,18979,1578,8014,65396,10043,31121,35899,0,5084.0
165,20210615,102825.0,64971.0,21.5,23.5,19.200000762939453,2,51.15997539951385,41.835914757363064,4665.0,15360,2430,11623,54572,11866,41412,19064,1611,7997,65503,10212,31939,31147,0,4488.0
166,20210616,95042.0,65167.0,5.0,21.600000381469727,19.700000762939453,2,51.15997539951385,41.835914757363064,4353.0,15084,2411,11684,53490,11679,42266,19399,1578,7723,66123,9929,31543,33842,0,4670.0
167,20210617,91757.0,64381.0,0.0,23.600000381469727,19.799999237060547,2,45.74354890092386,41.881490920675375,4747.0,14754,2488,12016,52835,11815,42285,18926,1598,8068,64806,9966,31922,40686,0,4979.0
168,20210618,86351.0,62352.0,0.0,24.399999618530277,20.299999237060547,2,46.106471150781,41.733822123047496,4450.0,14638,2391,12204,52393,11550,43295,19048,1597,8053,65247,9887,31219,41494,0,4910.0
169,20210619,98119.0,65353.0,0.0,26.299999237060547,17.0,2,45.08647096362476,42.17996171027441,2718.0,14910,1555,11753,50434,6541,41498,20287,997,7277,63449,4007,24083,41122,1,3307.0
170,20210620,86149.0,54438.0,0.0,27.700000762939453,14.600000381469728,2,44.69662205226259,42.58763543658381,606.0,15993,1372,11320,53409,5608,39349,20362,846,7104,62816,3037,22699,41487,1,1068.0
171,20210621,100620.0,68446.0,0.0,28.100000381469727,15.5,2,45.64510990761389,41.89391525963683,3743.0,14478,2476,12398,51827,12069,44468,18677,1605,8591,64572,10164,33395,41674,0,4006.0
172,20210622,111274.0,73821.0,0.0,28.5,17.899999618530273,2,46.10809948979592,41.76275510204081,1269.0,14352,2484,12478,51530,11929,43398,18544,1613,8722,63935,10089,33399,37665,0,1641.0
173,20210623,109837.0,76215.0,0.0,26.200000762939453,18.600000381469727,2,45.95760280522792,41.802996493465095,4779.0,14368,2426,12516,51294,11249,44197,18498,1606,8726,63646,9910,33262,37580,0,5160.0
174,20210624,109274.0,72216.0,0.0,28.200000762939453,17.5,2,46.002232142857146,41.767857142857146,4891.0,14363,2442,12628,51643,11858,45833,18452,1613,8815,63513,9927,33624,42219,0,5277.0
175,20210625,114181.0,78903.0,0.0,27.399999618530277,19.100000381469727,2,46.121134842205926,41.760599298693016,4904.0,14266,2356,12734,50549,11271,45781,18453,1607,8829,63501,9668,33752,42537,0,5507.0
176,20210626,99731.0,64147.0,0.0,29.700000762939453,20.5,2,45.34171974522293,42.06146496815287,3411.0,14859,1494,12034,49926,6399,42379,20072,983,7784,62523,3915,25476,40512,1,4388.0
177,20210627,88137.0,55333.0,0.0,28.700000762939453,21.600000381469727,2,44.608667941363926,42.553855959209685,2782.0,15934,1362,11742,53623,5638,40161,20261,826,7466,62308,3152,24350,41666,1,4053.0
178,20210628,103834.0,70135.0,0.0,27.600000381469727,20.600000381469727,2,45.885559451705454,41.93656359579216,5030.0,14406,2439,12645,51825,11651,45305,18478,1591,8883,63723,9858,34730,39560,0,5508.0
179,20210629,107259.0,72908.0,0.0,28.0,20.299999237060547,2,46.25764331210191,41.89140127388535,4855.0,14365,2440,12523,52062,11887,42730,18294,1627,8958,62998,10046,34367,33640,0,5293.0
180,20210630,116456.0,79721.0,0.0,29.200000762939453,18.5,2,40.50058252427184,45.259805825242715,5052.0,14347,2402,12649,51554,11262,45187,18325,1618,9004,63140,9902,34051,35381,0,5354.0
181,20210701,108571.0,75305.0,0.0,30.100000381469727,19.299999237060547,2,45.79649681528662,41.947452229299365,4772.0,14645,2863,11888,52542,14726,41530,18469,2066,8371,64671,14907,28919,38320,0,5177.0
182,20210702,107508.0,74121.0,0.0,28.0,20.600000381469727,2,46.15663801337154,41.65106653931869,4883.0,14565,2707,12232,51671,13203,43174,18699,2048,8109,64751,14648,28534,36821,0,5348.0
183,20210703,83726.0,54671.0,16.0,30.700000762939453,23.200000762939453,2,45.27411652340019,41.99204075135307,2734.0,16027,1705,11252,53063,7652,39087,21234,1085,6816,65370,4490,21731,33047,1,3961.0
184,20210704,59464.0,40801.0,45.5,27.100000381469727,22.0,2,44.64932992980217,42.158264199106576,2271.0,17302,1516,10652,57345,6657,38183,21642,874,6394,65866,3317,21066,35448,1,3258.0
185,20210705,87070.0,60874.0,1.5,29.100000381469727,22.600000381469727,2,45.73152866242038,41.754777070063696,4422.0,15143,2814,11542,54301,14308,41317,19226,2038,7755,66349,14962,28202,35192,0,4724.0
186,20210706,91633.0,64188.0,0.0,30.100000381469727,26.700000762939453,2,45.499841922225734,41.942143534619035,3688.0,14917,2813,11739,53631,15013,41666,18900,2062,7921,65608,14963,28508,31031,0,3851.0
187,20210707,90480.0,61836.0,23.5,30.0,25.399999618530277,2,46.075824873096444,41.548857868020306,1116.0,15126,2809,11743,53711,15602,41527,18956,2035,8042,65566,14644,28774,33012,0,1302.0
188,20210708,88471.0,60749.0,0.5,29.700000762939453,25.299999237060547,2,45.68779564806055,41.85935036266162,4819.0,15041,2753,11734,53959,14015,42797,18988,2007,7995,65540,14091,28725,33940,0,5190.0
189,20210709,93410.0,64606.0,8.0,29.200000762939453,24.200000762939453,2,45.44020195645314,42.07100031555696,4625.0,14815,2665,11865,52266,13475,42858,19084,1965,7901,65711,13495,29109,34138,0,5242.0
190,20210710,83420.0,56207.0,0.0,30.5,23.399999618530277,2,51.15997539951385,41.835914757363064,3452.0,15209,1650,11565,50813,7314,39610,20468,1095,7265,64225,4728,23673,36221,1,4410.0
191,20210711,76659.0,49764.0,0.0,31.700000762939453,22.600000381469727,2,51.15997539951385,41.835914757363064,2732.0,16271,1441,11149,54461,6223,36729,20602,887,7008,63359,3518,21911,37545,1,3848.0
192,20210712,94822.0,64276.0,0.5,15.3,7.6,2,45.18623737373738,42.029671717171716,4917.0,15005,2729,11727,53495,14138,41160,18716,1944,8235,64815,14278,29463,36585,0,5267.0
193,20210713,102667.0,69615.0,0.0,15.3,7.6,2,45.684310018903595,41.949905482041586,4997.0,14953,2690,11792,53176,14062,40785,18562,1962,8326,64084,14056,29900,33350,0,5120.0
194,20210714,98388.0,68309.0,0.0,32.0,24.899999618530277,2,45.869716088328076,41.893375394321765,5147.0,14908,2690,11900,53152,14058,42330,18668,1969,8318,64651,14394,29911,35035,0,5476.0
195,20210715,103111.0,70348.0,0.0,31.5,23.399999618530277,2,46.06874802901293,41.873226111636704,4837.0,14849,2681,11908,52805,13368,41936,18684,1904,8405,64018,13886,29944,36825,0,5267.0
196,20210716,102094.0,69847.0,6.5,31.600000381469727,24.200000762939453,2,45.826801517067004,41.8173198482933,5027.0,14831,2564,12191,52404,13303,44172,18802,1901,8347,64184,13640,30267,37687,0,5305.0
197,20210717,90405.0,59179.0,0.0,30.600000381469727,24.0,2,45.0550284629981,42.145161290322584,3385.0,15203,1657,11846,51231,7440,40400,20317,1056,7695,63397,4505,25422,38158,1,4220.0
198,20210718,75805.0,46771.0,19.0,31.100000381469727,22.799999237060547,2,44.705975339867216,42.271261460638634,2304.0,16453,1434,11201,54926,6399,37187,20986,883,7033,63932,3446,23365,36576,1,3739.0
199,20210719,91108.0,58930.0,0.0,32.20000076293945,23.100000381469727,2,45.76520912547529,41.80988593155894,4412.0,15253,2563,11827,53901,12928,40896,19564,1654,8070,65155,10808,29048,35707,0,5046.0
200,20210720,101777.0,62461.0,0.0,30.799999237060547,23.799999237060547,2,46.016164817749605,41.66022187004754,4350.0,15137,2537,12045,53417,12708,40916,19442,1588,8114,63931,9790,28308,34015,0,5046.0
201,20210721,94368.0,62597.0,0.0,31.200000762939453,24.899999618530277,2,46.08375634517766,41.62214467005076,4252.0,15186,2483,11966,53746,12400,41706,19546,1543,8096,64444,8996,28406,35952,0,4927.0
202,20210722,97579.0,63580.0,0.0,32.400001525878906,25.799999237060547,2,46.02282091917591,41.57210776545166,4336.0,15221,2500,11885,53588,12447,40119,19479,1530,8156,64177,9114,28666,35691,0,4932.0
203,20210723,99923.0,63480.0,0.0,29.799999237060547,25.399999618530277,2,45.75577348940209,41.58494147421702,4048.0,15024,2397,12106,52554,11945,41282,19575,1502,8057,64149,8834,27870,35144,0,4878.0
204,20210724,89794.0,56167.0,0.0,32.70000076293945,25.5,2,44.98166877370417,42.06763590391909,3201.0,15304,1571,11637,51249,7219,38586,20261,1005,7665,63106,4213,25605,37563,1,4074.0
205,20210725,73085.0,48324.0,6.0,28.100000381469727,25.700000762939453,2,43.81930379746836,42.470569620253166,2442.0,16631,1385,11131,55120,5956,36260,20478,847,7472,62346,3299,23809,34536,1,3505.0
206,20210726,92463.0,61868.0,6.0,30.299999237060547,23.0,2,45.38874841972187,41.75474083438685,4085.0,15354,2451,11909,53703,12121,38997,19702,1511,8056,64310,9077,28152,34120,0,4856.0
207,20210727,98329.0,62880.0,0.0,34.0,21.600000381469727,2,42.5982028241335,43.599486521181,4232.0,15133,2459,12006,53408,12223,39313,19423,1525,8246,63251,9122,27152,32568,0,4881.0
208,20210728,100268.0,63373.0,0.0,34.0,20.600000381469727,2,46.218759936407,40.98314785373609,4339.0,15163,2390,11897,52937,11682,39720,19426,1502,8208,63317,9043,27689,37740,0,4966.0
209,20210729,97800.0,60576.0,0.0,31.700000762939453,21.299999237060547,2,45.674017257909874,41.58165548098434,4302.0,15056,2373,11897,52578,11734,39673,19289,1475,8335,62926,8840,28031,39071,0,4919.0
210,20210730,92871.0,63055.0,0.0,30.799999237060547,22.899999618530277,2,46.60958466453674,41.06070287539936,4233.0,15006,2310,12364,52655,11356,41211,19319,1469,8385,63106,8519,28126,42783,0,5041.0
211,20210731,71058.0,46823.0,91.5,29.899999618530277,23.899999618530277,2,46.39181847235538,41.10035155001598,3139.0,16116,1523,11691,53586,6993,39366,20294,1001,8182,63165,4212,26736,46909,1,3264.0
212,20210801,65860.0,38545.0,0.0,32.70000076293945,24.700000762939453,2,46.011920103092784,41.016752577319586,2583.0,16679,1456,10928,55763,6211,37021,21530,878,6927,65605,3428,22552,44382,1,3722.0
213,20210802,79697.0,49781.0,25.0,29.600000381469727,24.700000762939453,2,47.475718849840256,40.629392971246006,4380.0,15853,2474,11703,56172,11855,40181,20286,1533,7836,66538,8904,27165,38571,0,4682.0
214,20210803,87245.0,56115.0,0.5,31.100000381469727,24.5,2,46.754626675175494,40.89917038927888,4060.0,15660,2520,11767,55358,12352,41673,20449,1538,7648,67099,8999,27102,34910,0,4906.0
215,20210804,90650.0,55038.0,0.0,33.599998474121094,23.5,2,46.654017857142854,41.13520408163265,4243.0,15619,2460,11731,54772,11916,41057,20217,1524,7713,66036,8968,26753,37787,0,4956.0
216,20210805,89312.0,54816.0,0.0,33.400001525878906,24.100000381469727,2,46.59304181295882,41.07851899138206,4262.0,15570,2482,11584,54834,12172,40499,20154,1540,7685,66188,8753,26182,35863,0,4869.0
217,20210806,82926.0,50827.0,0.0,32.599998474121094,22.299999237060547,2,46.54020421186981,41.175813656668794,4111.0,15406,2390,11682,54344,11871,40952,20087,1496,7614,65653,8584,25674,36045,0,5023.0
218,20210807,77856.0,49650.0,0.0,31.100000381469727,23.399999618530277,2,46.169432035737074,41.339821314613914,3319.0,15543,1620,11572,52787,7112,40005,20681,1033,7341,64828,4379,24004,35737,1,4131.0
219,20210808,69838.0,41015.0,15.5,28.600000381469727,24.0,2,45.24169859514687,41.91475095785441,2696.0,16965,1407,10833,56844,5865,36781,20893,846,6957,63973,3221,22253,36154,1,3692.0
220,20210809,94977.0,53053.0,0.0,29.399999618530277,24.0,2,45.666666666666664,41.634768740031895,4214.0,15539,2467,11402,55232,12379,39563,20235,1517,7442,66544,9631,27638,33161,0,4896.0
221,20210810,93713.0,57095.0,0.0,29.600000381469727,23.899999618530277,2,45.76181353767561,41.548850574712645,4242.0,15392,2477,11584,54650,12593,41055,19945,1525,7526,66242,9574,26567,30224,0,4846.0
222,20210811,91390.0,56284.0,25.5,27.100000381469727,21.799999237060547,2,45.983402489626556,41.30322374720715,2857.0,15830,2412,11503,55304,11863,40560,20726,1459,7143,67167,8547,25788,34506,0,3754.0
223,20210812,88591.0,55337.0,17.5,29.399999618530277,24.0,2,46.35979513444302,41.29897567221511,1121.0,15915,2388,11568,55981,11465,39900,20308,1472,7475,66684,8603,26195,34929,0,1276.0
224,20210813,79511.0,54459.0,33.0,26.799999237060547,22.0,2,46.1806575167571,41.20555378231727,3756.0,15782,2293,11619,54848,11201,39928,20593,1451,7361,66946,9050,27569,39211,0,4711.0
225,20210814,55569.0,38164.0,52.5,24.100000381469727,21.600000381469727,2,46.48242811501598,40.96325878594249,2485.0,16778,1531,10836,55315,6709,36315,21569,973,6861,66559,3968,23738,42245,1,3357.0
226,20210815,63719.0,38146.0,0.5,26.299999237060547,21.600000381469727,2,45.218460555732996,41.721494730118174,2527.0,16784,1345,10798,55702,5511,35605,21124,841,6877,64742,3408,22493,34787,1,3417.0
227,20210816,63686.0,39399.0,2.0,28.299999237060547,22.200000762939453,2,45.81487392275774,41.462496010213854,2783.0,17267,1570,10573,57567,6678,34822,21183,965,7001,65488,3956,22851,33202,1,3420.0
228,20210817,91688.0,50785.0,1.0,28.100000381469727,21.5,2,45.847111394829234,41.62464091924673,4215.0,15769,2359,11089,55764,10976,36468,20054,1511,7538,66611,9075,27294,28266,0,4751.0
229,20210818,83863.0,48583.0,0.0,29.0,20.5,2,45.637611749680715,41.709131545338444,4086.0,16149,2282,10734,56689,10772,34736,19841,1524,7436,65697,8974,26127,27167,0,4520.0
230,20210819,78407.0,47310.0,15.5,28.0,20.0,2,45.44504792332268,41.83450479233227,4190.0,16267,2291,10442,56855,11061,33952,19892,1483,7269,65455,8616,24993,26651,0,4469.0
231,20210820,79841.0,48040.0,0.0,30.100000381469727,20.200000762939453,2,45.55647734524569,41.843969368219526,4171.0,15944,2225,10696,55838,10693,34351,19802,1476,7243,65299,8640,25341,27865,0,4530.0
232,20210821,66271.0,38405.0,16.0,28.899999618530277,24.0,2,44.980044345898,41.858726639214446,2808.0,17472,1505,10007,56859,6611,31597,21364,993,6442,65809,4138,21315,25371,1,3190.0
233,20210822,61690.0,34996.0,12.0,27.700000762939453,24.0,2,44.41589530801149,42.22151292690712,2546.0,17854,1355,9800,58077,5658,31036,21398,849,6395,65666,3192,20341,28828,1,2860.0
234,20210823,63620.0,39923.0,0.0,32.099998474121094,23.799999237060547,2,45.51610865445357,42.03379658875553,4115.0,16773,2238,9883,58380,10822,32776,20075,1484,7088,66178,8659,24968,20253,0,3726.0
235,20210824,71240.0,45875.0,1.5,29.600000381469727,26.399999618530277,2,45.97998093422307,41.71020019065777,3645.0,16336,2337,10353,56910,11355,34646,20239,1509,6784,66583,8909,24246,21442,0,4096.0
236,20210825,65346.0,44663.0,35.0,29.5,23.700000762939453,2,46.16512591648071,41.499521836149185,2988.0,16098,2338,10555,56320,11520,35287,20084,1514,6954,66559,8961,24383,26045,0,3348.0
237,20210826,74482.0,47096.0,0.0,29.100000381469727,23.700000762939453,2,45.66687898089172,41.91656050955414,1019.0,15718,2364,10700,55286,11511,35189,19742,1526,7111,65557,9014,24362,28584,0,1216.0
238,20210827,78375.0,48140.0,4.5,30.799999237060547,24.700000762939453,2,45.89161619381575,41.6866432897673,3330.0,15475,2296,11118,54582,11156,36889,19606,1483,7329,65082,8728,24887,31364,0,3628.0
239,20210828,77868.0,45142.0,0.0,30.899999618530277,23.799999237060547,2,45.38089171974522,42.07515923566879,781.0,15873,1507,10775,53466,6691,34782,20412,974,6920,64036,4197,21873,32070,1,1194.0
240,20210829,65987.0,38590.0,0.0,31.299999237060547,22.799999237060547,2,44.82133757961783,42.464331210191084,2485.0,16727,1344,10377,56027,5783,33274,20451,816,6565,62831,3082,20758,31032,1,3437.0
241,20210830,85902.0,53595.0,0.0,31.100000381469727,23.299999237060547,2,45.84426751592357,41.81815286624204,4490.0,15282,2446,11219,54650,11963,36935,18974,1608,7881,64436,10078,29024,27001,0,4858.0
242,20210831,87335.0,56752.0,0.0,30.100000381469727,21.399999618530277,2,51.15997539951385,41.835914757363064,4363.0,15179,2462,11282,54294,12166,38535,19041,1611,7712,64718,10039,28691,22806,0,4900.0
243,20210901,82617.0,56024.0,31.0,31.100000381469727,22.799999237060547,3,45.94550669216061,41.69120458891013,4651.0,15705,2334,10929,56105,11272,38822,19590,1534,7247,66759,9110,28677,27100,0,5074.0
244,20210902,79088.0,53755.0,49.0,26.600000381469727,21.899999618530277,3,46.60356915232632,41.452836201402164,4230.0,15736,2362,10987,56376,11159,37777,18542,1557,8300,64158,9236,28734,25474,0,4073.0
245,20210903,78569.0,53471.0,17.5,24.899999618530277,22.5,3,45.91427660930529,41.60994263862333,3116.0,15569,2317,11134,55551,11074,39584,20033,1497,6971,67148,8942,27660,29808,0,3647.0
246,20210904,78968.0,50236.0,0.0,28.600000381469727,22.700000762939453,3,45.859738603761556,41.666560408033156,806.0,15981,1550,10713,54218,6622,36005,20641,1014,6340,64950,4281,20397,29731,1,1230.0
247,20210905,54490.0,37746.0,6.0,26.100000381469727,23.0,3,45.82993630573248,41.76847133757962,2454.0,17616,1358,10016,58197,5631,34622,20139,828,6116,62896,3125,20335,27683,1,3190.0
248,20210906,80729.0,54001.0,0.0,27.200000762939453,23.200000762939453,3,46.02546959567017,41.744030563514805,4315.0,15530,2365,11139,55700,11139,38971,19641,1500,7345,66715,9103,29300,25321,0,4708.0
249,20210907,81256.0,54374.0,3.0,29.0,22.399999618530277,3,46.0,41.77006369426751,4436.0,15483,2355,11132,55501,10935,38814,19618,1510,7379,66408,9028,29126,21737,0,4665.0
250,20210908,87243.0,56720.0,0.0,26.799999237060547,19.0,3,45.95350318471338,41.83949044585987,4365.0,15158,2310,11293,54584,10698,39161,19393,1494,7362,65868,8906,28884,25438,0,4945.0
251,20210909,86319.0,56619.0,0.0,27.299999237060547,18.200000762939453,3,46.06146496815287,41.65222929936306,3448.0,15103,2326,11285,54502,10870,39211,19259,1461,7420,65467,8661,29162,26959,0,3659.0
252,20210910,85864.0,56418.0,9.0,26.600000381469727,19.600000381469727,3,46.353821656050954,41.47388535031847,1221.0,15270,2245,11545,54115,10576,39897,19814,1454,7252,66549,8663,29222,30727,0,1521.0
253,20210911,76383.0,52313.0,0.0,28.600000381469727,20.0,3,46.42797960484385,41.61121733588273,3348.0,15572,1522,11188,53515,6500,37248,20591,976,6652,64595,4171,21838,29473,1,4238.0
254,20210912,70547.0,47446.0,0.0,27.5,20.399999618530277,3,45.455385595920966,42.16156787762906,2736.0,16591,1345,10774,56509,5520,36319,20278,828,6542,63618,3232,21699,27034,1,3786.0
255,20210913,72680.0,51011.0,19.0,26.600000381469727,22.200000762939453,3,47.34045947670708,41.07243139757498,4577.0,15528,2327,11333,56161,10847,40671,19291,1481,7872,66591,9158,33062,20205,0,4110.0
256,20210914,79587.0,47655.0,78.5,25.299999237060547,22.899999618530277,3,46.76464968152866,41.23343949044586,3795.0,15837,2292,10780,56853,10953,37205,19676,1478,7319,67091,8870,31877,14356,0,3813.0
257,20210915,78625.0,54601.0,21.5,23.600000381469727,21.600000381469727,3,45.95447309773957,41.74434893346068,4006.0,15409,2277,11206,55252,10990,39015,19581,1491,7305,66999,8973,31419,16821,0,4444.0
258,20210916,57304.0,44053.0,59.5,23.200000762939453,21.399999618530277,3,46.2066985645933,41.498883572567784,4007.0,17068,2068,9813,58908,10139,31636,19619,1467,7348,66314,9085,31416,21247,0,2664.0
259,20210917,64838.0,40865.0,105.0,24.299999237060547,21.799999237060547,3,47.86607142857143,40.610331632653065,2191.0,15988,2087,11536,55222,9861,39226,21250,1359,5968,67459,7284,20012,36621,0,4416.0
260,20210918,71967.0,51006.0,0.0,27.5,19.100000381469727,3,47.297770700636946,41.10891719745223,2745.0,15042,1508,12191,51997,6521,41274,20814,972,7114,65359,4017,22136,50818,1,3242.0
261,20210919,76527.0,45829.0,0.0,26.299999237060547,18.700000762939453,3,46.64203821656051,41.26210191082802,731.0,15185,1321,11972,51923,5421,38496,20469,813,7357,62976,3058,22005,48546,1,1170.0
262,20210920,67562.0,44167.0,0.0,28.700000762939453,18.0,3,46.28471337579618,41.56656050955414,2668.0,14876,1128,11680,49858,4650,35153,20421,788,7677,62629,3182,24020,36889,1,3380.0
263,20210921,66078.0,38176.0,8.0,26.899999618530277,18.600000381469727,3,46.248564135290366,41.3895979578813,1571.0,14258,909,12131,48440,3679,37645,19095,655,8082,60502,2548,27193,33405,1,2956.0
264,20210922,71854.0,44366.0,0.0,29.299999237060547,19.700000762939453,3,45.99171710735903,41.798024848677926,2362.0,16321,1284,11934,54866,5206,40299,20604,759,7625,62333,3134,24414,44601,1,3940.0
265,20210923,93067.0,63474.0,0.0,27.100000381469727,17.600000381469727,3,46.600764087870104,41.39732569245463,4696.0,14765,2304,12660,53739,11039,45772,19100,1465,9013,65647,8635,33737,37050,0,5245.0
266,20210924,98809.0,68400.0,0.0,25.899999618530277,15.899999618530272,3,46.963694267515926,41.138216560509555,4738.0,14686,2237,12618,53117,10505,46236,18978,1481,8645,65189,8561,32072,34339,0,5210.0
267,20210925,92556.0,61180.0,0.0,26.5,20.100000381469727,3,46.060528830837846,41.64033131570564,3414.0,15614,1516,11890,53313,6657,43315,20728,973,7324,64713,4143,24506,32530,1,4273.0
268,20210926,83696.0,53746.0,0.0,27.200000762939453,21.700000762939453,3,45.18929254302103,42.210006373486294,2710.0,16406,1358,11294,55825,5782,39838,20899,826,6916,64465,3205,22170,34135,1,3737.0
269,20210927,98218.0,68599.0,0.0,26.299999237060547,20.899999618530277,3,46.73095313994262,41.46891934969716,3745.0,14560,2316,12383,53413,10990,42793,18623,1472,8728,65330,9014,36786,32258,0,3696.0
270,20210928,104428.0,71405.0,0.0,27.899999618530277,20.5,3,46.529486770800126,41.4851769206248,1177.0,14659,2278,12245,53726,10707,42583,18591,1482,8512,64797,9056,35749,25921,0,1440.0
271,20210929,110107.0,72558.0,14.5,30.399999618530277,20.799999237060547,3,46.55686149936468,41.46505717916137,4762.0,14702,2258,12190,53443,10846,43040,18626,1497,8502,65247,9206,36441,26324,0,4869.0
272,20210930,95978.0,70525.0,27.0,25.399999618530277,20.5,3,39.17489986648865,46.2456608811749,4500.0,14751,2316,12259,53345,11142,43746,19001,1485,8243,65741,9097,35387,35628,0,4702.0
273,20211001,103580.0,68592.0,0.0,25.5,17.0,3,46.17166298516882,41.46481539917955,5123.0,14849,2617,11735,53775,13448,43686,19389,1846,7428,67289,13144,29548,42798,0,5518.0
274,20211002,96906.0,63718.0,0.0,27.799999237060547,16.399999618530273,3,46.832388153749214,41.1758034026465,3503.0,15316,1627,11523,52498,7573,40158,20832,1032,6829,65945,4624,22912,44810,1,4428.0
275,20211003,73676.0,49849.0,0.0,29.0,15.399999618530272,3,46.010406811731315,41.71365499842321,2824.0,15949,1423,11105,54115,6404,38187,20843,856,6599,64951,3335,21492,34045,1,4030.0
276,20211004,79004.0,54359.0,0.0,29.399999618530277,19.100000381469727,3,46.38259493670886,41.41740506329114,3006.0,16500,1707,11020,56567,7666,39554,20816,979,6895,65373,4190,23785,34332,1,3874.0
277,20211005,100644.0,66948.0,0.0,29.399999618530277,18.700000762939453,3,46.59918006937875,41.40428886786503,3507.0,14894,2714,11714,54800,14004,41717,18966,1882,8108,66980,13877,33597,30330,0,3457.0
278,20211006,103839.0,69474.0,0.0,27.899999618530277,19.399999618530277,3,46.51356466876972,41.48454258675079,3646.0,14898,2611,11703,54184,13155,41612,18841,1879,7918,66551,13666,31177,30302,0,3663.0
279,20211007,94768.0,66440.0,0.0,27.399999618530277,18.600000381469727,3,46.759370078740154,41.37826771653543,3627.0,14738,2663,12018,54231,13966,42584,18755,1861,8096,66055,13443,31720,37044,0,3722.0
280,20211008,100538.0,68762.0,0.0,27.399999618530277,18.299999237060547,3,46.90009484666456,41.315839392981346,3601.0,14608,2473,12282,52853,12353,44981,18755,1844,8186,65761,13280,31959,43587,0,3806.0
281,20211009,77868.0,54168.0,2.0,26.600000381469727,20.600000381469727,3,46.83222748815166,41.10142180094787,2194.0,15533,1524,11490,52601,6879,40348,20812,962,7034,64986,3931,22390,47325,1,2969.0
282,20211010,81250.0,50015.0,13.5,29.899999618530277,19.700000762939453,3,45.957635156497,41.677837496048056,2101.0,15879,1371,11500,53482,6126,40308,20761,832,6959,63905,3237,23295,36965,1,2963.0
283,20211011,79400.0,50781.0,0.0,22.5,19.799999237060547,3,46.601644008852354,41.262725260828326,689.0,16433,1663,11440,56159,7399,40754,20779,947,7156,64598,4074,24640,37390,1,914.0
284,20211012,85110.0,56774.0,1.5,23.299999237060547,20.5,3,47.665930599369084,40.89400630914827,3496.0,15152,2621,12074,55597,15249,43870,19107,1840,8379,67037,13600,33987,32188,0,3486.0
285,20211013,94816.0,64242.0,0.5,23.899999618530277,21.200000762939453,3,47.17452229299363,41.08853503184714,1466.0,14975,2639,11884,54141,13750,42625,19008,1855,8142,66499,13534,32260,32559,0,1541.0
286,20211014,99123.0,64717.0,0.0,28.200000762939453,20.700000762939453,3,47.26552053486151,41.13562559694365,3554.0,14657,2659,11958,53653,13929,42367,18671,1859,8216,65806,13282,32552,37264,0,3657.0
287,20211015,100813.0,66313.0,0.0,26.0,18.399999618530277,3,47.16730401529637,41.237731038878266,3589.0,14514,2434,12490,52806,12927,47114,18538,1850,8416,65379,13141,33407,39390,0,3807.0
288,20211016,78890.0,51312.0,19.0,20.600000381469727,13.399999618530272,3,46.5531847133758,41.285987261146495,2145.0,15967,1539,11613,53470,7263,42464,21177,987,6957,65917,4263,23925,37364,1,2792.0
289,20211017,79187.0,47941.0,0.0,14.600000381469728,7.300000190734863,3,45.615605095541405,41.927070063694266,2067.0,16154,1384,11683,55546,6107,41331,21045,822,6816,64720,3232,22701,39349,1,2839.0
290,20211018,101092.0,60386.0,0.0,17.200000762939453,7.5,3,47.07177033492823,41.39457735247209,3529.0,14725,2567,12221,53865,13794,43721,18784,1801,8376,65992,12895,32443,37261,0,3602.0
291,20211019,106432.0,62885.0,0.0,19.899999618530277,8.800000190734863,3,47.02675159235669,41.3671974522293,3563.0,14784,2616,12122,54321,14494,43353,18678,1824,8370,65683,13160,32361,32837,0,3520.0
292,20211020,105654.0,66757.0,0.0,15.100000381469728,11.5,3,46.85049410264584,41.42397194772075,3592.0,14678,2520,12438,53324,13601,45493,18668,1815,8353,65759,13106,33366,36552,0,3657.0
293,20211021,108216.0,70214.0,0.0,17.399999618530273,11.199999809265137,3,46.74363867684478,41.405852417302796,3575.0,14551,2598,12474,53314,13715,45259,18595,1794,8507,65387,12435,33119,39864,0,3588.0
294,20211022,105186.0,68517.0,0.0,18.299999237060547,10.699999809265137,3,47.309114085404715,41.27884002549394,3597.0,14420,2440,12836,52284,12638,47739,18540,1738,8686,64980,11576,32714,40691,0,3794.0
295,20211023,100185.0,63918.0,0.0,19.100000381469727,10.300000190734863,3,46.395089285714285,41.49394132653061,2563.0,14943,1509,12187,51525,7076,44017,20339,982,7570,64054,4166,25732,39441,1,3231.0
296,20211024,85842.0,52821.0,0.0,20.299999237060547,10.800000190734863,3,45.49920306024865,42.02008288173414,619.0,16185,1382,11586,55042,6214,41296,20522,822,7152,63484,3274,23833,39629,1,1049.0
297,20211025,107734.0,73143.0,0.0,19.399999618530277,10.699999809265137,3,46.93207908163265,41.405293367346935,3606.0,14613,2597,12469,53231,14464,43984,18622,1780,8684,65210,13021,35515,38898,0,3636.0
298,20211026,111817.0,75982.0,0.0,19.600000381469727,9.0,3,46.88085377508761,41.367314431347566,3670.0,14460,2626,12568,52752,14369,44883,18519,1796,8713,65056,13197,34486,35722,0,3680.0
299,20211027,114651.0,79064.0,0.0,20.5,10.300000190734863,3,46.541307814992024,41.540350877192985,3500.0,14425,2569,12774,52354,13534,45441,18437,1801,8814,64995,13071,34578,36284,0,3710.0
300,20211028,133850.0,77959.0,0.0,19.299999237060547,10.100000381469728,3,46.82308420056764,41.37842951750237,3570.0,14375,2608,12740,52583,14886,46704,18420,1814,8832,64972,13164,35149,39684,0,3761.0
301,20211029,110249.0,78275.0,0.0,21.5,12.0,3,46.67895400126024,41.401701323251416,1334.0,14286,2477,12900,51542,13153,47814,18487,1782,8865,64732,12606,34854,40544,0,1634.0
302,20211030,101227.0,66700.0,0.5,21.399999618530277,11.800000190734863,3,46.23045397225725,41.69167717528373,2558.0,14934,1524,12473,51158,7116,45351,20106,982,7790,63722,4361,26917,40506,1,3086.0
303,20211031,103336.0,56566.0,0.0,20.700000762939453,10.699999809265137,3,51.15997539951385,41.835914757363064,2175.0,15667,1373,11958,54171,5867,41223,20348,818,7409,62753,3245,24450,37002,1,3007.0
304,20211101,117640.0,71521.0,0.0,20.200000762939453,11.300000190734863,3,46.37594458438287,41.64420654911839,3521.0,14991,2983,11737,54538,17070,43784,19055,2052,7934,67058,15661,31203,40400,0,3561.0
305,20211102,98515.0,71449.0,0.0,18.100000381469727,12.0,3,46.66309823677582,41.447418136020154,3598.0,14801,2973,12004,54337,17065,43505,18940,2099,8038,67034,16228,31042,37331,0,3680.0
306,20211103,102738.0,76652.0,0.0,17.799999237060547,9.800000190734863,3,46.35055118110236,41.483464566929136,3651.0,14832,2936,11985,54066,16103,43749,18964,2078,8047,66771,16018,31084,40119,0,3720.0
307,20211104,100157.0,73864.0,0.0,20.0,9.5,3,46.61228346456693,41.47433070866142,3517.0,14665,2990,12147,53716,16982,43973,18828,2077,8203,66300,15676,32150,42236,0,3588.0
308,20211105,101007.0,73992.0,0.0,20.600000381469727,11.5,3,46.65239294710327,41.498425692695214,3589.0,14563,2833,12403,52518,15303,46940,18733,2059,8331,66022,15248,31790,42057,0,3723.0
309,20211106,94617.0,62155.0,0.0,21.600000381469727,17.200000762939453,3,46.06521739130435,41.81001890359168,2534.0,15308,1716,12144,52486,7868,45154,20646,1066,7392,65316,4692,25212,41089,1,3160.0
310,20211107,84454.0,58714.0,0.0,22.5,15.300000190734863,3,51.15997539951385,41.835914757363064,2885.0,16327,1518,11765,55669,6569,43112,20892,883,7063,64730,3563,24279,39874,1,3991.0
311,20211108,81118.0,57948.0,51.0,21.799999237060547,10.5,3,51.15997539951385,41.835914757363064,3142.0,15394,2912,11988,54980,16160,44722,19542,1975,8069,67359,15265,31857,39234,0,3360.0
312,20211109,83278.0,60747.0,4.0,12.899999618530272,8.399999618530273,3,51.15997539951385,41.835914757363064,4583.0,15033,2905,12083,54447,16552,44158,19136,1995,8201,66791,15312,31927,36522,0,4733.0
313,20211110,75396.0,58057.0,8.0,12.899999618530272,7.699999809265137,3,51.15997539951385,41.835914757363064,3298.0,15353,2680,12118,54520,14098,44963,19348,1991,7981,66967,15407,31669,39415,0,3437.0
314,20211111,73250.0,53745.0,2.0,16.100000381469727,9.5,3,51.15997539951385,41.835914757363064,3309.0,15323,2621,12079,54400,13023,45818,19923,1685,7805,66944,10502,30211,42373,0,3591.0
315,20211112,75672.0,55302.0,4.5,14.399999618530272,8.300000190734863,3,51.15997539951385,41.835914757363064,3204.0,15044,2504,12347,52487,12217,48112,19801,1623,7881,66210,9920,30130,43196,0,3609.0
316,20211113,71678.0,51847.0,0.0,15.600000381469728,9.5,3,51.15997539951385,41.835914757363064,2467.0,15105,1682,12122,51564,7847,45365,20461,1033,7448,64810,4684,24984,44727,1,3165.0
317,20211114,62698.0,43990.0,0.0,18.200000762939453,11.100000381469728,3,51.15997539951385,41.835914757363064,2059.0,16167,1486,11545,54955,6451,40537,20626,865,7062,63857,3449,24227,42965,1,2979.0
318,20211115,77735.0,54861.0,0.0,17.899999618530273,7.300000190734863,3,51.15997539951385,41.835914757363064,3321.0,15255,2576,12078,54483,12638,44138,19557,1609,7918,65733,10181,30577,43010,0,3566.0
319,20211116,80928.0,56756.0,0.0,16.700000762939453,5.900000095367432,3,51.15997539951385,41.835914757363064,3271.0,15158,2587,12159,54257,12817,44445,19494,1644,8064,66076,10552,31025,39977,0,3520.0
320,20211117,86320.0,62349.0,0.0,16.200000762939453,5.599999904632568,3,51.15997539951385,41.835914757363064,3526.0,15116,2539,12368,54327,12494,45105,19445,1671,8186,65976,10601,31643,42287,0,3700.0
321,20211118,92346.0,64149.0,0.0,17.700000762939453,5.099999904632568,3,51.15997539951385,41.835914757363064,3265.0,14906,2512,12585,53663,12319,45735,19181,1571,8669,65073,9417,33951,41907,0,3723.0
322,20211119,87071.0,63458.0,0.0,18.299999237060547,4.300000190734863,3,51.15997539951385,41.835914757363064,3301.0,14568,2474,12582,52003,11903,47726,19303,1595,8223,65261,9628,30954,44038,0,3888.0
323,20211120,81679.0,56628.0,0.0,19.0,6.800000190734863,3,51.15997539951385,41.835914757363064,3387.0,14844,1635,12295,50589,7199,46117,20057,1015,7635,63775,4231,26046,41319,1,4456.0
324,20211121,69377.0,48962.0,0.0,18.700000762939453,8.600000381469727,3,51.15997539951385,41.835914757363064,2629.0,16210,1489,11640,54648,6366,40102,20401,850,7201,63250,3257,24027,39300,1,3853.0
325,20211122,82515.0,61778.0,3.5,15.5,6.599999904632568,3,51.15997539951385,41.835914757363064,4652.0,15161,2699,12263,54419,14557,44849,19257,1820,8176,66092,13661,30704,39039,0,4750.0
326,20211123,90193.0,67616.0,0.0,10.199999809265137,7.5,3,51.15997539951385,41.835914757363064,3739.0,15048,2706,12268,53885,14631,44198,19172,1877,8247,66416,14302,31568,35963,0,3566.0
327,20211124,95833.0,70655.0,0.0,13.699999809265137,9.100000381469728,3,51.15997539951385,41.835914757363064,1009.0,14748,2670,12464,53164,14866,45153,19003,1852,8314,65856,13579,31824,39580,0,1214.0
328,20211125,101712.0,73344.0,0.0,16.5,5.900000095367432,3,51.15997539951385,41.835914757363064,3762.0,14544,2739,12503,52737,14715,44945,18721,1889,8454,65062,13899,32015,42060,0,3809.0
329,20211126,101982.0,75171.0,0.0,14.199999809265137,4.599999904632568,3,51.15997539951385,41.835914757363064,1132.0,14369,2559,12705,51923,13122,46866,18680,1849,8568,64847,13546,32233,42288,0,1367.0
330,20211127,83962.0,61715.0,0.0,12.399999618530272,4.099999904632568,3,51.15997539951385,41.835914757363064,3401.0,14774,1580,12350,50040,7112,44012,19998,1006,7799,63258,4000,26560,40330,1,4415.0
331,20211128,75677.0,54471.0,0.0,17.799999237060547,3.0,3,51.15997539951385,41.835914757363064,2728.0,15894,1424,11718,54351,6111,40997,20274,840,7207,62399,3289,23891,38510,1,3982.0
332,20211129,94296.0,67916.0,0.0,18.399999618530277,4.5,3,51.15997539951385,41.835914757363064,4485.0,14718,2693,12225,53556,14205,42623,18814,1825,8278,65104,13277,30375,36830,0,4725.0
333,20211130,81711.0,62454.0,16.5,17.700000762939453,7.099999904632568,3,51.15997539951385,41.835914757363064,3342.0,15258,2694,12026,54667,14389,43060,19321,1814,8208,66018,12938,31703,30005,0,3402.0
334,20211201,82327.0,61998.0,1.5,8.699999809265137,6.099999904632568,4,98.41599038172528,41.281334535617674,1263.0,15505,2874,11551,55115,14517,43142,19785,1941,7287,67600,13266,29062,37645,0,1407.0
335,20211202,84565.0,60358.0,0.0,10.899999618530272,6.0,4,98.10388437217705,41.392953929539296,4577.0,15129,2942,11699,54700,15623,42391,19586,1917,7596,67069,13608,29963,39572,0,4793.0
336,20211203,87038.0,62463.0,0.0,13.699999809265137,7.800000190734863,4,98.15393866506314,41.48196031268791,4763.0,14914,2784,11918,53537,13605,45566,19445,1901,7641,66844,13320,29926,39556,0,4921.0
337,20211204,72701.0,52836.0,0.5,13.0,7.800000190734863,4,97.05712567648827,41.67348165965123,3058.0,15388,1713,11657,52620,7392,42135,20826,1054,6825,65724,4194,23214,37588,1,4085.0
338,20211205,65015.0,45300.0,0.0,11.899999618530272,4.5,4,96.25660264105642,42.18487394957983,2551.0,16361,1519,11144,55706,6515,39566,20830,871,6620,64189,3425,22411,37073,1,3694.0
339,20211206,76248.0,55548.0,0.0,15.399999618530272,4.099999904632568,4,97.54788351846292,41.52206544581207,3684.0,15181,2885,11708,54829,14833,42078,19394,1860,7623,66518,13140,28778,37334,0,3539.0
340,20211207,78672.0,56131.0,0.0,13.800000190734863,3.5999999046325684,4,97.18528528528529,41.496696696696695,1375.0,15111,2917,11751,54956,14982,40228,19300,1923,7827,66691,13449,30129,32607,0,1380.0
341,20211208,82491.0,57922.0,0.0,15.399999618530272,5.800000190734863,4,97.56066066066066,41.64684684684685,4626.0,15159,2804,11624,54394,13714,41793,19298,1903,7756,66568,13159,30138,32651,0,4779.0
342,20211209,81001.0,57172.0,0.0,15.699999809265137,7.699999809265137,4,96.94386070249175,41.593815670969676,4646.0,15255,2771,11544,54930,14270,40413,19214,1877,7818,65891,13187,29267,36063,0,4805.0
343,20211210,82916.0,60226.0,0.0,15.5,9.0,4,97.02641056422569,41.581932773109244,4557.0,14984,2666,11781,53320,13200,44052,19423,1822,7604,66275,13024,29034,36728,0,4890.0
344,20211211,64273.0,46291.0,0.0,12.699999809265137,8.899999618530273,4,95.91143800660463,41.8895226658661,2953.0,15623,1694,11376,52911,7346,39466,20688,1039,6911,65156,4172,23564,35642,1,3969.0
345,20211212,60709.0,43797.0,0.0,12.699999809265137,5.599999904632568,4,94.75683799218515,42.42380522993688,2076.0,16865,1494,11085,56719,6183,39170,21004,878,6608,64452,3557,22219,35065,1,2797.0
346,20211213,69657.0,50104.0,0.0,6.599999904632568,5.099999904632568,4,97.32230907997595,41.69152134696332,975.0,15634,2679,11364,55085,13123,40542,19822,1701,7417,66383,11403,26532,34428,0,1017.0
347,20211214,66836.0,49131.0,0.0,11.199999809265137,3.799999952316284,4,97.60902255639098,41.58827067669173,4420.0,15289,2691,11568,54657,13392,40455,19477,1792,7636,66149,11483,28564,30236,0,4568.0
348,20211215,65072.0,48735.0,0.0,15.399999618530272,4.5,4,97.09293233082707,41.69684210526316,4541.0,15227,2655,11803,54319,13278,41859,19329,1817,7773,65824,11965,28429,30302,0,4839.0
349,20211216,71757.0,54247.0,27.0,11.199999809265137,8.300000190734863,4,97.65145601921346,41.37706394476133,4097.0,15488,2676,11705,54225,13404,42923,19690,1799,7752,66544,11912,29412,34598,0,4578.0
350,20211217,68157.0,52499.0,2.5,11.199999809265137,0.699999988079071,4,103.63625450180072,40.074729891956785,4368.0,15552,2483,11796,54678,12413,42915,19593,1779,7800,65945,11349,28909,34515,0,4776.0
351,20211218,55682.0,42050.0,0.5,7.199999809265137,1.2000000476837158,4,99.30042016806723,41.027010804321726,2800.0,16111,1622,11402,53827,6801,39790,21294,1024,6832,65843,4174,24333,33033,1,3749.0
352,20211219,51579.0,38388.0,0.0,9.600000381469728,2.0,4,95.56979885920144,42.15430801561093,2455.0,16762,1473,11107,56394,6244,39690,21286,835,6518,64972,3326,22467,33445,1,3466.0
353,20211220,70715.0,52010.0,0.0,13.699999809265137,4.599999904632568,4,97.44924924924925,41.52732732732733,4443.0,15106,2706,11783,54396,13396,40720,19274,1810,7828,65939,12620,29246,32560,0,4733.0
354,20211221,77138.0,57325.0,0.0,16.200000762939453,5.0,4,96.75615615615615,41.63843843843844,4553.0,15077,2686,11845,53767,13448,42101,19205,1872,7759,65907,13493,29887,28836,0,4735.0
355,20211222,83424.0,59297.0,0.0,14.199999809265137,2.700000047683716,4,97.03063063063063,41.6021021021021,3428.0,14799,2631,12076,53341,13167,42628,19009,1839,7969,65261,13007,29084,30147,0,3462.0
356,20211223,82813.0,60245.0,0.0,14.5,2.400000095367432,4,97.6772740918643,41.52987090963675,3468.0384615384614,14736,2658,12043,53396,12980,42211,19042,1830,7842,64727,13209,28501,32488,0,2486.0
357,20211224,83250.0,62975.0,0.0,13.300000190734863,1.0,4,100.58145137006926,41.028906955736225,1217.0,14658,2410,12316,51830,11776,42279,19128,1778,7808,64899,12406,28701,34890,0,1487.0
358,20211225,61726.0,47373.0,0.0,4.599999904632568,0.4000000059604645,4,100.76702833031948,41.097347799879444,2576.0,15836,1425,11665,52681,6208,42706,20972,917,6945,63898,3549,23185,32226,1,3893.0
359,20211226,49710.0,36478.0,7.0,2.5999999046325684,-1.600000023841858,4,114.02969696969697,37.097575757575754,3014.0,18224,1309,10439,58968,5728,39596,21173,817,6901,63428,3142,23828,35719,1,4348.0
360,20211227,67519.0,50582.0,2.0,5.599999904632568,-0.4000000059604645,4,107.3994581577363,38.931366646598434,4732.0,15616,2486,11791,55089,12523,40361,19866,1716,7805,65691,12254,29501,39615,0,4653.0
361,20211228,77835.0,55651.0,0.0,7.800000190734863,4.300000190734863,4,101.09690039121276,40.81522720433343,3470.0,15089,2576,12234,53338,12553,42139,19315,1745,8135,65035,12433,29922,36229,0,3620.0
362,20211229,78199.0,55040.0,0.0,10.899999618530272,5.300000190734863,4,100.3749623833885,40.96268432139633,1006.0,15071,2506,12524,53269,12196,43540,19370,1696,8179,64687,11710,30315,38912,0,1333.0
363,20211230,72564.0,54040.0,0.0,7.599999904632568,4.900000095367432,4,99.58922660246765,41.07974721637075,3515.0,15012,2470,12659,53063,11929,44282,19355,1688,8431,64626,11609,30531,41145,0,3697.0
364,20211231,74138.0,55745.0,0.0,5.800000190734863,2.5,4,102.14775804995486,40.50917845320494,1036.0,14789,2206,12698,50864,10642,44333,19562,1621,8316,64308,11248,30587,41611,0,1284.0
